{
  "ticker": "ABB.ST",
  "month": 10,
  "historical": {
    "1": 0.02065,
    "2": -0.006965,
    "3": -0.014573,
    "4": 0.048829,
    "5": 0.013869,
    "6": 0.014791,
    "7": 0.040902,
    "8": 0.003785,
    "9": 0.010464,
    "10": 0.001231,
    "11": 0.040774,
    "12": 0.009542
  },
  "ai_analysis": null,
  "generated_at": "2025-10-08T22:03:17.120033"
}