{
  "ticker": "ALFA.ST",
  "month": 10,
  "historical": {
    "1": 0.013073,
    "2": -0.002101,
    "3": 0.000848,
    "4": 0.044226,
    "5": 0.002768,
    "6": -0.002494,
    "7": 0.060531,
    "8": -0.00877,
    "9": 0.006668,
    "10": 0.015644,
    "11": 0.026078,
    "12": 0.013486
  },
  "ai_analysis": null,
  "generated_at": "2025-10-08T22:03:19.089274"
}