{
  "ticker": "ASSA-B.ST",
  "month": 10,
  "historical": {
    "1": 0.020285,
    "2": 0.018199,
    "3": 0.004116,
    "4": 0.0069,
    "5": 0.016486,
    "6": 0.001856,
    "7": 0.033976,
    "8": -0.01212,
    "9": 0.003999,
    "10": 0.001791,
    "11": 0.035878,
    "12": -0.009123
  },
  "ai_analysis": null,
  "generated_at": "2025-10-08T22:03:18.435890"
}