{
  "ticker": "ATCO-B.ST",
  "month": 10,
  "historical": {
    "1": 0.001691,
    "2": 0.01361,
    "3": 0.02511,
    "4": 0.037398,
    "5": 0.00366,
    "6": 0.011313,
    "7": 0.02007,
    "8": 0.008215,
    "9": 0.024503,
    "10": 0.02037,
    "11": 0.040968,
    "12": -0.002211
  },
  "ai_analysis": null,
  "generated_at": "2025-10-08T22:14:58.259031"
}