{
  "ticker": "ATCO-A.ST",
  "month": 10,
  "historical": {
    "1": -0.001853,
    "2": 0.018584,
    "3": 0.018738,
    "4": 0.038787,
    "5": 0.009431,
    "6": 0.011151,
    "7": 0.01942,
    "8": 0.004085,
    "9": 0.025021,
    "10": 0.023566,
    "11": 0.041595,
    "12": -0.001903
  },
  "ai_analysis": null,
  "generated_at": "2025-10-08T22:03:17.680779"
}