{
  "ticker": "AZN.ST",
  "month": 10,
  "historical": {
    "1": -3e-05,
    "2": 0.012567,
    "3": 0.029997,
    "4": 0.042592,
    "5": 0.020925,
    "6": 0.009164,
    "7": 0.026068,
    "8": 0.00863,
    "9": -0.001788,
    "10": 0.008752,
    "11": -0.003613,
    "12": -0.005894
  },
  "ai_analysis": null,
  "generated_at": "2025-10-08T22:03:17.373530"
}