{
  "ticker": "BOL.ST",
  "month": 10,
  "historical": {
    "1": 0.015676,
    "2": 0.054386,
    "3": 0.002894,
    "4": 0.040048,
    "5": -0.0148,
    "6": -0.022203,
    "7": 0.027311,
    "8": -0.004493,
    "9": 0.051771,
    "10": 0.010132,
    "11": 0.034798,
    "12": 0.010066
  },
  "ai_analysis": null,
  "generated_at": "2025-10-08T22:14:56.327817"
}