{
  "ticker": "ELUX-B.ST",
  "month": 10,
  "historical": {
    "1": 0.012019,
    "2": -0.039578,
    "3": -0.011838,
    "4": 0.018788,
    "5": -0.000422,
    "6": 0.002873,
    "7": -0.006063,
    "8": -0.007825,
    "9": -0.022688,
    "10": 0.013567,
    "11": 0.023654,
    "12": -0.022514
  },
  "ai_analysis": null,
  "generated_at": "2025-10-08T22:03:19.484059"
}