{
  "ticker": "ERIC-B.ST",
  "month": 10,
  "historical": {
    "1": -0.012069,
    "2": 0.009441,
    "3": 0.023895,
    "4": 0.012091,
    "5": 0.013079,
    "6": 0.00177,
    "7": -0.014982,
    "8": 0.008895,
    "9": -0.011018,
    "10": -0.006509,
    "11": 0.020399,
    "12": 0.027935
  },
  "ai_analysis": null,
  "generated_at": "2025-10-08T22:03:15.586135"
}