{
  "ticker": "ESSITY-B.ST",
  "month": 10,
  "historical": {
    "1": 0.00049,
    "2": -0.011954,
    "3": 0.041157,
    "4": 0.048614,
    "5": -0.01081,
    "6": -0.012913,
    "7": -0.013233,
    "8": 0.009493,
    "9": -0.031227,
    "10": 0.010678,
    "11": 0.037732,
    "12": -0.012383
  },
  "ai_analysis": null,
  "generated_at": "2025-10-08T22:03:19.773175"
}