{
  "ticker": "EVO.ST",
  "month": 10,
  "historical": {
    "1": 0.031571,
    "2": 0.088676,
    "3": -0.004068,
    "4": 0.122655,
    "5": 0.013682,
    "6": -0.01506,
    "7": 0.081007,
    "8": -0.034382,
    "9": -0.013501,
    "10": 0.04817,
    "11": -0.015459,
    "12": 0.054914
  },
  "ai_analysis": null,
  "generated_at": "2025-10-08T22:14:58.534022"
}