{
  "ticker": "GETI-B.ST",
  "month": 10,
  "historical": {
    "1": 0.024258,
    "2": 0.000639,
    "3": 0.04882,
    "4": 0.008059,
    "5": -0.020862,
    "6": -0.034431,
    "7": 0.05223,
    "8": -0.003529,
    "9": 0.00029,
    "10": 0.024633,
    "11": 0.010553,
    "12": 0.008696
  },
  "ai_analysis": null,
  "generated_at": "2025-10-08T22:14:57.164006"
}