{
  "ticker": "HEXA-B.ST",
  "month": 10,
  "historical": {
    "1": 0.026927,
    "2": 0.020344,
    "3": 0.003764,
    "4": 0.009816,
    "5": -0.002841,
    "6": 0.027384,
    "7": 0.015479,
    "8": -0.00751,
    "9": 0.017138,
    "10": -0.016186,
    "11": 0.039376,
    "12": 0.021043
  },
  "ai_analysis": null,
  "generated_at": "2025-10-08T22:03:20.126713"
}