{
  "ticker": "HM-B.ST",
  "month": 10,
  "historical": {
    "1": -0.000487,
    "2": -0.031293,
    "3": -0.026356,
    "4": 0.049545,
    "5": -0.008093,
    "6": 0.014872,
    "7": 0.000364,
    "8": -0.020775,
    "9": 0.063264,
    "10": -0.000946,
    "11": 0.042515,
    "12": -0.042707
  },
  "ai_analysis": null,
  "generated_at": "2025-10-08T22:03:15.918795"
}