{
  "ticker": "KINV-B.ST",
  "month": 10,
  "historical": {
    "1": 0.013958,
    "2": -0.017786,
    "3": -0.005905,
    "4": 0.044356,
    "5": 0.032057,
    "6": -0.033286,
    "7": 0.055618,
    "8": -0.031674,
    "9": -0.016734,
    "10": -0.005428,
    "11": 0.004565,
    "12": -0.007176
  },
  "ai_analysis": null,
  "generated_at": "2025-10-08T22:03:15.266862"
}