{
  "ticker": "NDA-SE.ST",
  "month": 10,
  "historical": {
    "1": 0.027206,
    "2": 0.022325,
    "3": -0.082711,
    "4": 0.045208,
    "5": -0.006968,
    "6": -0.005538,
    "7": 0.028412,
    "8": 0.020745,
    "9": 0.028477,
    "10": -0.014668,
    "11": 0.013762,
    "12": 0.006881
  },
  "ai_analysis": null,
  "generated_at": "2025-10-08T22:14:55.973962"
}