{
  "ticker": "NIBE-B.ST",
  "month": 10,
  "historical": {
    "1": -0.031926,
    "2": -0.007206,
    "3": 0.022532,
    "4": 0.065447,
    "5": 0.025814,
    "6": -0.015027,
    "7": 0.059953,
    "8": 0.006587,
    "9": -0.004383,
    "10": -0.025559,
    "11": 0.025409,
    "12": 0.034765
  },
  "ai_analysis": null,
  "generated_at": "2025-10-08T22:14:58.857450"
}