{
  "ticker": "SAND.ST",
  "month": 10,
  "historical": {
    "1": 0.049831,
    "2": 0.010669,
    "3": 0.004199,
    "4": 0.015175,
    "5": -0.005392,
    "6": 0.020323,
    "7": 0.017441,
    "8": -0.006369,
    "9": 0.013844,
    "10": 0.020357,
    "11": 0.04811,
    "12": 0.002002
  },
  "ai_analysis": null,
  "generated_at": "2025-10-08T22:03:18.030576"
}