{
  "ticker": "SCA-B.ST",
  "month": 10,
  "historical": {
    "1": 0.034481,
    "2": 0.008161,
    "3": 0.042585,
    "4": 0.044857,
    "5": -0.000631,
    "6": -0.015869,
    "7": -0.004934,
    "8": 0.040661,
    "9": -0.009454,
    "10": 0.008859,
    "11": 0.016543,
    "12": 0.001468
  },
  "ai_analysis": null,
  "generated_at": "2025-10-08T22:14:57.547800"
}