{
  "ticker": "SEB-A.ST",
  "month": 10,
  "historical": {
    "1": 0.03554,
    "2": 0.018542,
    "3": -0.044155,
    "4": 0.047642,
    "5": -0.001099,
    "6": 0.008329,
    "7": 0.05578,
    "8": 0.004727,
    "9": 0.022278,
    "10": 0.001296,
    "11": 0.014111,
    "12": -0.006135
  },
  "ai_analysis": null,
  "generated_at": "2025-10-08T22:03:16.155733"
}