{
  "ticker": "SECU-B.ST",
  "month": 10,
  "historical": {
    "1": -0.004866,
    "2": 0.003868,
    "3": -0.008443,
    "4": 0.033542,
    "5": -0.017999,
    "6": 0.003568,
    "7": 0.049272,
    "8": -0.012186,
    "9": 0.010403,
    "10": 0.022103,
    "11": 0.034692,
    "12": -0.005661
  },
  "ai_analysis": null,
  "generated_at": "2025-10-08T22:14:56.792926"
}