{
  "ticker": "SHB-A.ST",
  "month": 10,
  "historical": {
    "1": 0.011428,
    "2": 0.029055,
    "3": -0.021285,
    "4": 0.035376,
    "5": -0.024729,
    "6": -0.002649,
    "7": 0.008971,
    "8": 0.007314,
    "9": 0.016444,
    "10": 0.004484,
    "11": 0.024602,
    "12": 0.007191
  },
  "ai_analysis": null,
  "generated_at": "2025-10-08T22:03:16.518841"
}