{
  "ticker": "SINCH.ST",
  "month": 10,
  "historical": {
    "1": 0.005039,
    "2": 0.026274,
    "3": -0.072028,
    "4": 0.003864,
    "5": 0.097804,
    "6": 0.021069,
    "7": 0.055541,
    "8": -0.003605,
    "9": -0.042633,
    "10": 0.079906,
    "11": 0.06519,
    "12": 0.09804
  },
  "ai_analysis": null,
  "generated_at": "2025-10-08T22:14:59.043578"
}