{
  "ticker": "SKF-B.ST",
  "month": 10,
  "historical": {
    "1": 0.041215,
    "2": 0.003547,
    "3": -0.004873,
    "4": 0.034604,
    "5": -0.006037,
    "6": -0.009345,
    "7": 0.015012,
    "8": -0.007244,
    "9": 0.015848,
    "10": 0.002395,
    "11": 0.051984,
    "12": -0.017345
  },
  "ai_analysis": null,
  "generated_at": "2025-10-08T22:03:18.714413"
}