{
  "ticker": "SSAB-A.ST",
  "month": 10,
  "historical": {
    "1": 0.091705,
    "2": 0.05211,
    "3": 0.020296,
    "4": 0.052003,
    "5": -0.063444,
    "6": -0.017316,
    "7": 0.037752,
    "8": -0.021561,
    "9": 0.011817,
    "10": 0.014101,
    "11": 0.041399,
    "12": -0.005149
  },
  "ai_analysis": null,
  "generated_at": "2025-10-08T22:14:57.918730"
}