{
  "ticker": "SWED-A.ST",
  "month": 10,
  "historical": {
    "1": 0.045626,
    "2": -0.016025,
    "3": -0.056605,
    "4": 0.048916,
    "5": -0.008745,
    "6": 0.004117,
    "7": 0.055085,
    "8": 0.009491,
    "9": 0.04008,
    "10": -0.000663,
    "11": 0.006465,
    "12": 0.009831
  },
  "ai_analysis": null,
  "generated_at": "2025-10-08T22:03:16.864860"
}