{
  "ticker": "TEL2-B.ST",
  "month": 10,
  "historical": {
    "1": 0.026576,
    "2": 0.002732,
    "3": 0.050403,
    "4": 0.0424,
    "5": 0.007368,
    "6": -0.005154,
    "7": 0.038634,
    "8": 0.007454,
    "9": -0.00364,
    "10": -3.2e-05,
    "11": 0.030152,
    "12": -0.018549
  },
  "ai_analysis": null,
  "generated_at": "2025-10-08T22:03:20.472474"
}