{
  "ticker": "TELIA.ST",
  "month": 10,
  "historical": {
    "1": 0.020718,
    "2": -0.014127,
    "3": 0.040173,
    "4": 0.014127,
    "5": 0.001191,
    "6": 0.002735,
    "7": 0.010179,
    "8": -0.006972,
    "9": 0.003363,
    "10": -0.006526,
    "11": 0.004767,
    "12": -0.009507
  },
  "ai_analysis": null,
  "generated_at": "2025-10-08T22:03:20.721463"
}