{
  "ticker": "VOLV-B.ST",
  "month": 10,
  "historical": {
    "1": 0.051011,
    "2": 0.025096,
    "3": -0.004109,
    "4": 0.040014,
    "5": 0.00101,
    "6": 0.005751,
    "7": 0.039206,
    "8": -0.005827,
    "9": 0.016103,
    "10": 0.017248,
    "11": 0.01932,
    "12": 0.000837
  },
  "ai_analysis": null,
  "generated_at": "2025-10-08T22:03:15.028589"
}